1,Prinz,Dawks,64263
2,Laura,Taffie,97686
3,Cornell,Morrell,14151
4,Julietta,Kimmings,26359
5,Corrianne,Leisk,99820
6,Ive,Liversidge,3203
7,Amalita,Seivertsen,60744
8,Kim,Stoade,15991
9,Jeramey,Lottrington,27178
10,Gabe,Codman,41740
11,Odessa,L'Episcopi,8511
12,Lowrance,Rennock,68449
13,Christian,Arendt,47130
14,Aldric,Pottberry,87445
15,Guillermo,Beaumont,13519
16,Thekla,Vogel,7027
17,Daryn,Webling,54463
18,Doralin,Andrelli,81864
19,Donny,Markushkin,77520
20,Donna,Shoebridge,6729
21,Nolana,Claw,44314
22,Petronella,Sadat,35678
23,Chucho,Rummer,83121
24,Cedric,Henfre,90586
25,Hurlee,Savory,24358
26,Clemens,Pullman,66535
27,Hilary,Hawkett,41242
28,Gabriela,Valti,61898
29,Yul,Ponter,70103
30,Winna,Kitcherside,69372
31,Rafaela,McEniry,94157
32,Renado,Minton,8863
33,Cicily,Sooper,35701
34,Theodor,Corkitt,34867
35,Diann,Pestridge,91693
36,Ruthe,Gaishson,87087
37,Ginger,Massingberd,14885
38,Derek,Mahody,98355
39,Angelina,Oakden,56891
40,Benji,Cervantes,96043
41,Nicolea,Lovelock,86375
42,Krishna,O'Dunneen,33655
43,Milli,Bowles,54413
44,Blanca,Havelin,89949
45,Leicester,Mines,61348
46,Marten,Bedward,45826
47,Kym,Willoway,30697
48,Charis,Jiricka,18304
49,Maurise,Poulston,85823
50,Aeriela,Lerhinan,32112
51,Marysa,Lagne,61400
52,Roman,Doddemeede,76568
53,Sindee,Castagnasso,53763
54,Gamaliel,Bruce,864
55,Burnard,Folini,15925
56,Bendick,Eakeley,16293
57,Abdul,Pummell,53342
58,Sheila,Gerg,35297
59,Liam,Hartington,13976
60,Tiebout,Novic,4383
61,Tremain,Coggell,14433
62,Maurie,Oaker,89353
63,Dannel,Bye,86152
64,Rickie,Bellingham,45942
65,Stanford,Laurentino,89230
66,Yves,Inder,79572
67,James,Featherstonhalgh,57835
68,Alika,O' Bee,43081
69,Gabbi,Aylett,41315
70,Maybelle,Ralfe,44550
71,Merry,Bluett,2651
72,Tuckie,Wybourne,22407
73,Rici,Balsdon,82941
74,Glynda,Dyott,62326
75,Tammy,Skrines,17972
76,Micky,Moncrieffe,51028
77,Reynold,Erratt,30869
78,Rebekah,Gavrielli,47050
79,Rozalie,Doore,57409
80,Armand,De Maria,27185
81,Melamie,Matevosian,5553
82,Francene,Varden,77196
83,Billie,McAree,32635
84,Elbertine,Fazakerley,84957
85,Stanly,Durston,80211
86,Myrna,Beek,42946
87,Ilyse,Binton,80259
88,Maureene,Cattenach,81269
89,Mattie,Rosencrantz,13838
90,Kaja,Infante,38449
91,Elsey,More,1106
92,Mort,Symcock,90398
93,Shirlene,Prater,33075
94,Darrin,Seelbach,70344
95,Elaina,Hambly,81200
96,Nat,Waycott,11189
97,Finlay,Plaide,94252
98,Susan,Wixon,59239
99,Raphaela,Phippin,45578
100,Ring,Storie,66593
101,Liliane,Fone,29684
102,Ainsley,Pledge,52566
103,Tulley,Fronks,47680
104,Ursula,Goldfinch,25743
105,Gaultiero,Carnelley,88958
106,Hilary,Ternouth,81470
107,Tessy,Watchorn,72704
108,Hughie,Barbara,26816
109,Purcell,Eyckelberg,76629
110,Lyndy,Coyish,68709
111,Aharon,Bockh,93841
112,Pris,Chitham,28862
113,Lorilee,Skyrm,23270
114,Raoul,Whibley,13990
115,Gladi,D'Ambrogi,55929
116,Geneva,Flanigan,85451
117,Ashia,Cejka,46555
118,Bettye,Tod,77509
119,Georgie,Yurlov,45905
120,Kelley,Maypowder,41223
121,Hildy,Daniellot,43839
122,Nicki,Godfree,58702
123,Ethelbert,Spottiswoode,54665
124,Agosto,Maxwaile,93420
125,Carlos,Duffield,44140
126,Birch,Chapelhow,32555
127,Pia,O'Lennachain,3224
128,Birdie,Howlin,41270
129,Phyllys,Mitchelmore,93039
130,Coralie,Stranaghan,47374
131,Clarissa,Marian,94120
132,Baryram,Dellow,42685
133,Rhett,Kobu,13449
134,Cecil,Swales,10511
135,Giffy,Blofeld,2493
136,Pippo,Seear,88200
137,Serge,Lesslie,56490
138,Bee,Allchorn,56155
139,Alvin,Smallwood,60980
140,Lynnett,Villaron,35747
141,Vernor,Hamberston,87694
142,Timmi,Durnford,11777
143,Malissa,Vaugham,58399
144,Noland,Gerrill,34291
145,Karil,Bisseker,51344
146,Ferdinande,Edwick,95055
147,Hurleigh,Palmar,14465
148,Davita,Loren,46913
149,Eldredge,Bradock,67235
150,Durand,Scatchar,99126
151,Way,Lunk,47476
152,Felicity,Stroton,47002
153,Garth,Cagan,12527
154,Allyson,Fritchly,59061
155,Johnathan,Steptowe,4070
156,Susette,Liddicoat,32016
157,Renelle,Auchterlony,2029
158,Salvador,Renny,52905
159,Eden,Asquez,9955
160,Claire,Salterne,13720
161,Lavinia,Pregel,89649
162,Emelyne,Dominik,6477
163,Bridie,Chatfield,95347
164,Gard,Addis,75119
165,Sophi,Powling,44039
166,Arabelle,Johansen,19595
167,Ermina,Fahy,70068
168,Josephina,Dursley,57283
169,Lilian,Petracco,97546
170,Krystle,Morgans,31644
171,Raddie,Springham,26984
172,Loutitia,Burrus,83677
173,Tera,Soper,96463
174,Nettie,Ricketts,29157
175,Brinna,Gashion,90009
176,Nikola,Dumbreck,51560
177,Yurik,Reaveley,29611
178,Sharon,Allaway,76211
179,Alvan,Gilcriest,16260
180,Tomaso,Greensall,59851
181,Kristofer,Grinsdale,96957
182,Barbie,Lemonnier,79833
183,Deane,Strutley,60056
184,Loydie,Cristoforo,79058
185,Travis,Eddoes,12250
186,Faythe,Cheley,21647
187,Theodoric,Matlock,80941
188,Khalil,Philbin,14396
189,Stanleigh,Cuddihy,88619
190,Hamnet,Peppard,61412
191,Tessi,Wyllcock,22221
192,Osmond,Bearn,20631
193,Henry,Westfalen,88638
194,Juliana,Claire,51198
195,Kristopher,Bartolomeotti,30775
196,Phyllys,McAlarney,96191
197,Renate,Moyser,58018
198,Bethany,Lafee,79777
199,Ailene,Juniper,51452
200,Charin,Lubman,31656
201,Paten,Salvadori,13046
202,Nichole,Neylan,96298
203,Lotti,Bearcock,50473
204,Joby,Willowby,49382
205,Linc,D'Alwis,63915
206,Saidee,Kohtler,96071
207,Currie,Choat,86807
208,Ada,Castro,79542
209,Bronny,Forbes,30453
210,Jedd,Pattingson,41991
211,Tedd,Spellacy,97460
212,Fremont,Healings,46573
213,Sergeant,Morena,59848
214,Anthe,O'Currane,34494
215,Merlina,Acreman,64859
216,Jedd,Gobat,70533
217,Finley,Canny,38491
218,Vania,Rowbottom,73197
219,Valry,Poole,89129
220,Poppy,Virr,5944
221,Calley,Haking,62542
222,Andriana,MacKeig,63720
223,Yovonnda,Staniford,18783
224,Farica,Ferraresi,62858
225,Devondra,Brugh,26231
226,Constantine,Naisbet,55586
227,Ruperta,Rusbridge,406
228,Brannon,Colliber,47330
229,Lucio,Edworthye,67247
230,Beryle,Colcomb,24559
231,Vivienne,Lombard,65739
232,Chev,Mathwin,50657
233,Quinlan,Folshom,17649
234,Dagmar,Radke,47319
235,Minda,Twinn,61566
236,Kim,Romanin,37861
237,Roseline,Stendall,31835
238,Dennet,MacCawley,89006
239,Rasia,Cobden,10031
240,Prudence,Verillo,93532
241,Zebulen,Linney,21103
242,Port,Alekseev,74206
243,Sonia,Fourmy,48449
244,Merrie,Kleinsinger,58310
245,Herbert,Polini,71507
246,Jackqueline,Ismirnioglou,95246
247,Rudiger,Elner,58170
248,Delphinia,Goulston,86011
249,Collete,Richarz,7404
250,Dix,Gierck,23937
251,Brynne,Kopelman,86114
252,Haley,Matushevich,4000
253,Mirabella,Goatman,17913
254,Conny,Kebbell,4745
255,Estevan,Rawls,59461
256,Moe,Cawsy,69355
257,Roxy,Hubbuck,99475
258,Clarke,Fantin,83237
259,Petr,Gegg,47782
260,Freddi,Barnardo,28914
261,Carmelita,Perton,10031
262,Noreen,Portlock,89120
263,Ferguson,McClymond,87495
264,Lewes,Yakov,15763
265,Tera,Beckham,66476
266,Natty,Spencelayh,42556
267,Ashby,Dartnall,29583
268,Darelle,Faustin,12107
269,Immanuel,O'Monahan,85511
270,Ford,Burnup,91457
271,Shamus,Delion,13220
272,Toinette,Devanny,17064
273,Zea,Rathmell,24231
274,Grete,Hannaby,41987
275,Malachi,Rembaud,19186
276,Bertha,Bumford,73121
277,Carlye,Dericut,21123
278,Hillie,Weddell,42754
279,Isidora,Gooble,33653
280,Coop,Leuren,97346
281,Fredrika,Scobie,37387
282,Barnabe,Cornall,64276
283,Darrick,Friedenbach,31796
284,Reinold,Dimbleby,94222
285,Shawnee,Bolle,30011
286,Baron,Stradling,15894
287,Kelly,Constantine,88957
288,Conan,Blumfield,4936
289,Del,Kneebone,71181
290,Rubie,Germaine,7583
291,Miguelita,Toller,44978
292,Demetria,Maus,82050
293,Leela,Kenwyn,48967
294,Deny,Selland,80127
295,Gery,Calder,69366
296,Tiffie,Semarke,80036
297,Charlie,Paulo,38326
298,Leonhard,Roche,99531
299,Danica,Torrance,19535
300,Tate,Yukhnov,84202
301,Tammy,Pettyfar,44343
302,Patience,Haggar,69110
303,Janette,Stolze,20399
304,Trever,Ledington,14284
305,Heddie,Gallagher,2261
306,Axe,Yakov,22169
307,Keslie,Shildrick,57942
308,North,Goacher,78037
309,Debi,Minget,13089
310,Lilias,Terris,43811
311,Julia,Yushachkov,54053
312,Cathrin,Swadlin,14428
313,Bayard,Mewe,7795
314,Danette,Battrum,88565
315,Bibby,Behn,89580
316,Lyman,Saveall,96481
317,Simone,Marc,65815
318,Hermann,Gronou,88438
319,Carol-jean,Peacock,31416
320,Fran,Tineman,87517
321,Kikelia,Corcut,40632
322,Steve,Goskar,12787
323,Shantee,Rennocks,33875
324,Lucian,Whistan,36738
325,Ellary,Farnes,86258
326,Bruis,Cluer,43821
327,Shina,Mallebone,65804
328,Blisse,Altofts,85739
329,Ellary,Bartle,97715
330,Frederic,Danis,86880
331,Thibaud,Strangeways,86892
332,Lockwood,Shitliff,13145
333,Kym,Verity,62178
334,Gerry,Brigham,4688
335,Winny,Linge,74185
336,Sylvester,Pirrone,76306
337,Tremayne,Bartolomeu,19465
338,Lavina,Boribal,68342
339,Rosy,Ervin,64002
340,Nolie,Barchrameev,61863
341,Garv,Aisman,12965
342,Gerry,Tineman,60110
343,Shalna,Castagnet,37416
344,Frasquito,Treffrey,84241
345,Cosette,Philippeaux,53576
346,Yelena,Avrahamoff,67128
347,Brander,Lumber,52234
348,Talyah,Botwood,28136
349,Skip,Raun,13982
350,Donna,Faulds,23440
351,Rice,Rens,95587
352,Corbin,Syred,33644
353,Giraldo,Lidgley,77786
354,Celestina,Sherborne,1909
355,Dniren,Punt,15883
356,Daniela,Musto,53152
357,Myles,Seward,2029
358,Rikki,Nani,26912
359,Karina,Madigan,18633
360,Carolynn,Ragat,92782
361,Nolan,Morgen,44628
362,Felic,Talton,3490
363,Dodi,Stathers,67427
364,Lacey,Elnor,26903
365,Anabal,Sherebrook,80486
366,Gayleen,Stoodley,85221
367,Jeralee,Osbourne,5171
368,Elvin,M'Barron,355
369,Rollins,Staden,63896
370,Dahlia,Hutcheons,77666
371,Lorrin,Abrahamovitz,72634
372,Zandra,Galgey,85960
373,Lilian,Cranmer,19938
374,Viviene,Abotson,87928
375,Pat,Perroni,56810
376,Eryn,Charopen,56299
377,Mil,Shuker,55541
378,Calvin,MacIlhargy,30447
379,Jacintha,Farncombe,7337
380,Iormina,Austing,78649
381,Stanwood,Bradnick,17895
382,Colene,Kingham,77874
383,Evyn,Goldston,46644
384,Ingunna,Croasdale,52384
385,Alyce,Muddimer,16000
386,Cloe,Cammocke,9008
387,Martin,Fanthome,43709
388,Gregg,Byres,44955
389,Cyrus,Cluney,86544
390,Harv,Megany,70698
391,Saundra,Winslade,33478
392,Suellen,Kenvin,95153
393,Willie,Francesconi,28912
394,Siana,Filkov,93166
395,Fredi,Antoniottii,62326
396,Richard,Kaesmans,95601
397,Gayle,Mechan,16401
398,Ryon,Hulse,93758
399,Dawn,Limpenny,251
400,Johan,McPhelim,87275
401,Renell,O'Sesnane,98545
402,Sheree,Gabe,35111
403,Pansy,Hurley,68627
404,Ximenez,Alman,33823
405,Wynnie,Fairburn,48764
406,Sheila,Pietranek,68704
407,Linell,Riediger,1307
408,Kelsy,Castane,55804
409,Zak,Cellier,15202
410,Sauncho,Cosens,36713
411,Kellsie,Palphreyman,48011
412,Dicky,Duffell,72982
413,Gilligan,Rivalland,73871
414,Lonnard,Demkowicz,33853
415,Giorgio,Windus,48301
416,Tailor,Stormouth,97767
417,Hoebart,Fyrth,35050
418,Gerome,Pitchers,46888
419,Aaron,Loosemore,93011
420,Selia,Pursey,63657
421,Andrey,Fontenot,985
422,Athena,Lambdin,81562
423,Chico,Haker,39757
424,Gail,Gillbanks,9936
425,Giusto,Duncanson,66920
426,Constantine,Ikins,95531
427,Judas,Colby,6256
428,Dugald,Champe,35275
429,Tristan,Branchett,92346
430,Gilburt,Hubery,50869
431,Vittorio,Carlucci,8435
432,Scotti,Fillimore,52384
433,Marion,Marjot,157
434,Crista,Elijahu,98523
435,Edie,Harvison,54908
436,Ofelia,Offner,88774
437,Gardener,Pylkynyton,55026
438,Kris,Tall,9228
439,Toddie,Menguy,75758
440,Yardley,Haucke,21634
441,Gayleen,Coneley,22339
442,Carmine,Stetlye,36592
443,Hugues,Cardall,70653
444,Elnore,Thorp,61977
445,Sibeal,Jaume,70667
446,Erroll,Balassa,16341
447,Annecorinne,Darlasson,63762
448,Merle,Trippitt,59341
449,Vivia,Rubens,44673
450,Tabbie,Mingardi,34341
451,Mirelle,Igglesden,6768
452,Janos,Lambeth,36223
453,Charmian,Angelini,87988
454,Del,Medd,84587
455,Lewes,Ungaretti,92418
456,Dorothy,Balsellie,92227
457,Bess,Benedite,46015
458,Silvia,Swanbourne,5300
459,Elise,Baxter,60593
460,Mohandis,Baumadier,91390
461,Vinni,Ilem,97026
462,Berni,Mawman,80604
463,Raymund,Blaiklock,31334
464,Bert,Northidge,82177
465,Kristin,Binnes,85663
466,Lynett,Alvis,13211
467,Egan,Michurin,94874
468,Yoko,Louca,15525
469,Sterling,Wonter,59713
470,Sophia,Harvett,68586
471,Eddy,Teek,86441
472,Egan,Riddock,98786
473,Laird,Berk,55534
474,Minta,Pollock,25415
475,Jock,Aupol,86050
476,Nap,Ivashechkin,94204
477,Ferd,Siggins,30206
478,Cissy,O'Giany,3897
479,Guilbert,Annwyl,18733
480,Mavra,Franceschi,64845
481,Nicolette,Dane,9704
482,Clari,Anstice,4762
483,Starlin,Symper,31233
484,Donielle,Rijkeseis,68496
485,Fina,Tunnicliffe,81954
486,Bernelle,Gemson,61044
487,Sabra,Wickmann,74348
488,Inga,Ceaser,94965
489,Bamby,Shakespear,74251
490,Hermon,Carrel,14720
491,Rikki,O'Beirne,83550
492,Wolfgang,Mangeon,50686
493,Jamill,O'Gleasane,54067
494,Georgianna,Kinningley,40974
495,Chauncey,O'Sirin,72575
496,Pauletta,Manston,91653
497,Timmie,Minto,2054
498,Drusie,Shieber,67896
499,Avigdor,O'Flannery,21241
500,Concettina,Gori,16099
501,Ginnie,Boner,82552
502,Barr,Walewski,61240
503,Marylou,Shoobridge,44779
504,Vinny,Rosa,23909
505,Sly,Broom,38297
506,Micheline,Ciccottini,39270
507,Rustie,Denkin,15640
508,Charleen,Pietrusiak,23246
509,Ase,Grigolon,76921
510,Gradey,Saurat,73354
511,Terrill,Cottey,66486
512,Lionello,Grummitt,9406
513,Farrand,Hazleton,11201
514,Graig,Bernhard,97044
515,Pieter,Molloy,38196
516,Emile,Cheevers,25667
517,Cathleen,Ellerington,30446
518,Polly,Mellhuish,29920
519,Bail,Tackett,7828
520,Odilia,Bourke,14578
521,Marylinda,Malam,13005
522,Cilka,Luxen,86618
523,Cristy,Cahen,95607
524,Chrotoem,Broadstock,39327
525,Clayborne,Gately,31920
526,Reed,Coady,17290
527,Brady,Sancho,13086
528,Ermanno,Eberlein,66222
529,Loralie,Lantoph,38612
530,Darlene,Tampion,10467
531,Towney,Shires,54672
532,Remy,Drew-Clifton,16911
533,Karoly,Caberas,90772
534,Abby,O'Haire,19785
535,Earl,Braunston,84864
536,Felice,Threader,8799
537,Leelah,Aimable,55344
538,Xever,Dyke,72959
539,Frederich,Beecheno,49439
540,Bernardina,Schanke,58869
541,Averil,Guise,80953
542,Bartlett,Craddock,66203
543,Bridget,Cowlard,17597
544,Anne,Congrave,29859
545,Brnaby,Pearson,75011
546,Jennilee,Brounfield,63122
547,Talia,Cohr,3276
548,Trescha,Lamerton,30214
549,Birch,Synnot,12772
550,Sid,Griss,38462
551,Sena,Lasham,24873
552,Meryl,Showen,78419
553,Hewie,Basant,76401
554,Renae,Cowthart,93633
555,Lyn,Axworthy,66017
556,Jase,Fradson,83073
557,Samuele,Piens,67737
558,Andrus,Blofeld,96111
559,Tasia,Ends,7046
560,Layla,Stoakes,5081
561,Latashia,Sabate,82700
562,Amalle,Baynam,33437
563,Merrili,Roostan,61078
564,Tommy,Polycote,6804
565,Brooke,Davy,34023
566,Marika,Ruffell,670
567,Codi,Shoreman,18523
568,Dun,Proudley,64898
569,Corinna,Lisciandro,75418
570,Mannie,Mobius,34004
571,Libbi,Von Hindenburg,42643
572,Bruis,Ranner,14203
573,Jerrie,Parvin,96404
574,Morse,Sends,17717
575,Chaddy,Teece,30594
576,Ronda,Tottman,96380
577,Isadore,O'Dyvoy,50002
578,Wash,Bockmaster,35631
579,Vinnie,Cassidy,32546
580,Annabelle,Patmore,33584
581,Lynn,Stanaway,9629
582,Bobbie,Gipp,78834
583,Kingston,Darnborough,15560
584,Walker,Bostock,92855
585,Issi,McKern,28677
586,Marianne,Bynert,14757
587,Christiano,McGarrahan,80919
588,Greta,Vass,43563
589,Cybil,Whitmarsh,43892
590,Lay,Cornforth,33500
591,Odella,Gary,39192
592,Bartlett,Cleminson,80293
593,Tony,Lidster,52315
594,Jess,Hambridge,88834
595,Roseanna,Spellissy,41485
596,My,Kingsmill,31245
597,Dorthea,Whaplington,70383
598,Alexandra,Patemore,31080
599,Kellyann,Sakins,45914
600,Shurlock,Suggitt,99946
601,Mick,Hawyes,95429
602,Standford,Cagan,32017
603,Orren,Extall,96379
604,Fanechka,Quayle,5676
605,Teddi,Mackiewicz,10611
606,Saba,Sayes,12146
607,Brantley,Longdon,796
608,Glendon,McGivena,76347
609,Nikolaos,Drake,47212
610,Carena,Cattermole,83623
611,Corey,Smieton,38805
612,Riley,Lasty,83992
613,Walden,Maletratt,95326
614,Sela,Burchfield,31867
615,Ginnie,Toppes,92863
616,Osmund,O'Currigan,49323
617,Zarla,Teanby,13307
618,Pansie,Kynder,29644
619,Kalindi,Marriot,75151
620,Valentijn,Maharey,25982
621,Fleurette,Ellison,33411
622,Valentine,Giovanazzi,28074
623,Patrice,Davidsohn,76935
624,Aymer,Yewdall,58250
625,Miguela,Fridlington,38207
626,Gennie,Cranefield,27024
627,Cordy,Buttrum,66313
628,Elly,Louder,96342
629,Selia,Crowthe,68037
630,Michael,Crispin,87288
631,Letitia,Kemmey,33108
632,Cris,Keable,90742
633,Farica,Ivakhnov,49743
634,Jessica,Teck,79463
635,Meredith,Boullen,72119
636,Retha,Carthy,25150
637,Kaleb,Sabey,78769
638,Jeno,Ponder,96051
639,Dani,Paddison,16636
640,Bancroft,Mathou,58625
641,Mikkel,Windows,60295
642,Hilde,Di Matteo,85508
643,Gail,Kintish,15028
644,Vanni,Stuer,90443
645,Nikolaos,Ellerey,38306
646,Rodney,Girardey,31747
647,Errick,Pascoe,65434
648,Tanhya,Geindre,20676
649,Killie,Wallwork,41529
650,Jade,Balden,91872
651,Giordano,Willas,34864
652,Claude,Velareal,34497
653,Monte,Paramore,83020
654,Hester,Endecott,60047
655,Nanete,Stuckes,3321
656,Onofredo,Sterke,67828
657,Abra,Tritton,73943
658,Jasper,Jovanovic,54450
659,Shelagh,Townley,9263
660,Valentine,Demetr,78776
661,Luisa,Troke,20050
662,Kayley,Phebee,23364
663,Chandler,Bredes,59572
664,Heywood,Feechan,12871
665,Dorella,Demougeot,39202
666,Sharleen,Schriren,59860
667,Helga,Antonias,99395
668,Benedikt,Piffe,29881
669,Leopold,Lemar,98958
670,Sydel,Bragginton,52988
671,Caroljean,Van Daalen,98649
672,Bernard,Eddins,72889
673,Jerry,Clubley,25143
674,Mohammed,Labeuil,5073
675,Cordelia,Dowdeswell,23443
676,Juline,Memmory,18539
677,Concordia,Knudsen,50487
678,Korry,Chinnock,60387
679,Oran,de Juares,57534
680,Raquel,Ewbanke,39680
681,Gnni,Vakhonin,28394
682,Beitris,Smithin,18589
683,Corrine,O'Dooghaine,27992
684,Fields,Merritt,40280
685,Traci,Lipscombe,39313
686,Gelya,Vettore,50775
687,Donall,Darrow,10714
688,Des,Gittens,84823
689,Wallache,Nairn,39802
690,Gina,Burdge,23758
691,Grier,Prewer,84808
692,Carlos,Allsobrook,52949
693,Jeffy,Domoni,37930
694,Luella,Meadus,47144
695,Jefferey,Shatliffe,7639
696,Lynde,Szymanek,97896
697,Jenine,Shillaker,61748
698,Deane,Mioni,37927
699,Belicia,Barnewall,53413
700,Pascal,Scriviner,96581
701,Beulah,Cardow,30162
702,Georg,Primo,92657
703,Lyman,Klimes,42975
704,Karolina,Bunston,49777
705,Shell,Skoggings,26679
706,Hinze,Taylor,92367
707,Goraud,Kleinlerer,41963
708,Isa,Ormond,88536
709,Josh,Sidnell,8747
710,Phillida,Domenichelli,91519
711,Hall,Hardiman,39221
712,Ashton,Dockery,27449
713,Randee,Fairbrass,53967
714,Stormy,Caine,20482
715,Glennie,Semper,85911
716,Madelon,Charley,50354
717,Oralia,Pursey,205
718,Filbert,Boame,3632
719,Raychel,Nornasell,27706
720,Lin,Gelder,50531
721,Tessa,Tollett,27173
722,Drugi,Fishley,24674
723,Devon,Franzoli,53868
724,Delcine,Paffett,9417
725,Robbie,Shelp,41455
726,Kakalina,Saunderson,13881
727,Hermine,Taile,57067
728,Auberon,Butt Gow,6995
729,Gaynor,Aldrich,27895
730,Kimbra,Dunleavy,66034
731,Clare,Palister,50626
732,Prisca,MacAnespie,88245
733,Linoel,MacBean,27300
734,Eddie,Emney,58252
735,Daryn,Troctor,96485
736,Giraud,Chinn,76307
737,Elvyn,Sertin,79274
738,Bert,Janaszewski,24203
739,Emerson,Grimster,84193
740,Dory,Sweed,87322
741,Blakeley,Abella,43715
742,Livvyy,Grewer,8293
743,Hershel,McFee,93734
744,Prue,Klemencic,79497
745,Randell,Aspenlon,63946
746,Reginauld,MacCall,96136
747,Danita,Buttner,98652
748,Pegeen,Farman,1843
749,Roddie,Duckers,67825
750,Vernor,Cassie,76972
751,Mickie,Kiss,62400
752,Teena,Rabb,25994
753,Ariel,Peizer,85635
754,Roscoe,Marzella,11339
755,Rae,Minichi,35827
756,Justin,O'Docherty,52726
757,Sidonnie,Bridgewater,85985
758,Melessa,Vedyashkin,37575
759,Cherey,Franzel,30655
760,Tabbatha,Sarfati,93348
761,Hestia,Rojel,49529
762,Con,Burchess,24018
763,Noland,Fishe,34590
764,Batholomew,Laddle,29542
765,Alexandre,Duplan,48918
766,Charles,Hailes,55973
767,Loleta,McCully,62421
768,Hamid,Cuschieri,63182
769,Shelley,Sueter,80271
770,Ailyn,Ondricek,18362
771,Peter,Temprell,34721
772,Ranice,Jurkowski,93822
773,Tobey,Desmond,30468
774,Angie,Hernik,88692
775,Whittaker,Trymme,66818
776,Tressa,Deetlof,71671
777,Sapphira,Caldera,27429
778,Helge,Imm,23377
779,Sheffie,Mathivon,14913
780,Hercules,Bampforth,91479
781,Pet,Gorhardt,57729
782,Geralda,Gierhard,27513
783,Cecilla,Tidy,26019
784,Ethe,Biasioni,25239
785,Mikey,Partridge,86083
786,Darn,McLauchlin,20610
787,Frazier,MacTague,16979
788,Phineas,Housiaux,42913
789,Teodor,Flohard,21849
790,Nani,McKag,51595
791,Rachel,Monaghan,58966
792,Lock,Sager,53913
793,Sabrina,Kaminski,79357
794,Emerson,Stanbury,92053
795,Kimball,Anster,76961
796,Sharyl,Rugge,21360
797,Warner,Grunson,15016
798,Stacy,De Cristofalo,10618
799,Uta,Accum,54243
800,Shirlee,Chate,19967
801,Larry,Antunes,32213
802,Helene,Ivashintsov,29166
803,Dael,Colyer,77936
804,Ilyssa,Laverty,72685
805,Adler,Dewer,24886
806,Bartholomew,Bean,76654
807,Stephen,Weymont,76757
808,Hephzibah,Lozano,89097
809,Gabbey,Coucha,13058
810,Osborn,Tesoe,42351
811,Biron,Pyrah,64643
812,Karna,Domini,31096
813,Grove,Mountain,44685
814,Constance,Dowzell,11209
815,Hulda,Strahan,43734
816,Flora,Aucutt,36170
817,Siegfried,Sarll,75523
818,Brendon,Duffill,76006
819,Twyla,Long,20106
820,Ag,Bray,20539
821,Simeon,Cartmill,81304
822,Jimmie,Loeber,70686
823,Udell,Mallabon,85134
824,Henrie,Chalfont,22590
825,Bryon,Handmore,92504
826,Laurice,Addicote,88024
827,Olivette,De Carteret,97626
828,Darlene,Hedney,16219
829,Tilda,Beany,23005
830,Jacquelyn,Lermouth,96235
831,Sylas,Klimt,19837
832,Sherman,Dunthorn,52337
833,Davidde,Waghorn,53845
834,Maxie,Ings,85443
835,Jone,Buddleigh,81258
836,Carny,Couzens,33667
837,Emmalyn,Tucknutt,51948
838,Kenny,Hardwell,30072
839,Keenan,Chrishop,21304
840,Debbie,Simoncello,18040
841,Tobye,Carmel,75695
842,Pepillo,Arnholdt,97934
843,Myrtice,Giovanitti,98573
844,Lenard,Spary,84883
845,Ravid,Redit,39172
846,Kevin,Meekin,297
847,Tessy,Hitschke,16712
848,Malva,Sher,55324
849,Jared,Craxford,69898
850,Homere,Hullin,36940
851,Aurora,Schechter,7168
852,Marion,Malan,77797
853,Duky,Merkel,77797
854,Shayna,Belverstone,970
855,Godard,MacCulloch,54325
856,Robinette,Milsap,16341
857,El,Realph,58415
858,Marlena,Swindon,85484
859,Arin,Roskeilly,47039
860,Helena,Kenny,85823
861,Johannes,Vinten,70906
862,Maurene,Scrange,86337
863,Penelope,Kullmann,2268
864,Vivi,Mudle,93413
865,Stesha,Bridson,13894
866,Anderson,Longfoot,10828
867,Auria,Gelder,59470
868,Glori,Summerside,9155
869,Jobye,McEvoy,57817
870,Gaylord,Waltering,28899
871,Rickie,Cawt,55624
872,Allx,Kezourec,85898
873,Ilario,Conyers,13599
874,Gustavus,Flobert,14024
875,Amby,Friedman,26106
876,Shalom,Propper,55487
877,Nessa,Awin,20833
878,Arlen,Pleven,79630
879,Modestia,Deinert,83694
880,Pablo,Chilcotte,27616
881,Luis,Robbert,65440
882,Wileen,Obal,36285
883,Jorrie,Rubinowitch,35001
884,Yorgo,Minor,25048
885,Gavra,Sheara,29350
886,Mellisa,Minifie,20910
887,Tuesday,Tucknutt,12520
888,Vally,Alvaro,65405
889,Carree,Banister,46354
890,Becki,Glancy,3987
891,Cissy,Drinkhall,67521
892,Johnnie,Gallehock,87495
893,Shir,Cheel,7321
894,Sean,Meighan,31575
895,Selestina,Balducci,10615
896,Andie,Harrold,11642
897,Amara,Ratazzi,86770
898,Obadiah,Fairlam,73036
899,Barnie,Sergean,71577
900,Galven,Cassam,75202
901,Sissie,Guillard,49533
902,Genvieve,Warrener,25910
903,Allan,Deetlefs,35738
904,Aime,Greder,83877
905,Daphene,Bachnic,20517
906,Cynthie,Suddock,13468
907,Wileen,Pestricke,88848
908,Cariotta,Somersett,71795
909,Whit,Tribe,29264
910,Bernhard,Caiger,57019
911,Matti,McFarlan,29263
912,Drucie,Davenall,31724
913,Domenico,Kempshall,38651
914,Alis,Sowray,89729
915,Cull,Haggith,35185
916,Letti,Ilyinykh,63455
917,Linnea,Philbin,22590
918,Libby,Duval,9705
919,Ferne,Tayt,98059
920,Fleur,Insoll,82082
921,Avrom,Gouley,20819
922,Daisy,Troke,2861
923,Edwina,Marien,62678
924,Rae,Sarle,43914
925,Nikki,Haslehurst,11890
926,Goober,Demchen,68744
927,Francesca,Christoffels,10729
928,Durante,Tolson,52774
929,Kaleena,Sowerby,4330
930,Jo-ann,Harwood,32872
931,Trev,Mahody,7921
932,Woodman,Adam,7051
933,Clem,London,39407
934,Amelina,Lysaght,71148
935,Ned,McMurty,47656
936,Svend,Caught,34133
937,George,Godson,67893
938,Benjamen,Alleyn,80304
939,Manuel,Pauletti,73652
940,Mariele,McSweeney,70537
941,Fawnia,Overbury,70107
942,Dana,Booij,57575
943,Odey,MacRinn,20234
944,Constanta,Schust,25235
945,Giles,Vivian,72367
946,Evania,Barrus,93443
947,Hernando,Bartell,61875
948,Lanni,Rowan,57557
949,Palm,Teaze,49855
950,Kati,Dillet,997
951,Loralee,Querrard,40888
952,Joletta,Bundey,20073
953,Ardys,Perrycost,5607
954,Jarrett,Eskrick,40242
955,Waring,Smithe,80171
956,Cammy,Gwinnel,27777
957,Roobbie,Schult,28598
958,Maddie,Rivallant,82111
959,Bryn,Daddow,86321
960,Corey,Tacker,7756
961,Dalli,Galier,59814
962,Woody,Bolt,64531
963,Shea,Craney,85201
964,Krystle,Asbery,33296
965,Lucho,Pellett,24858
966,Wenonah,Pittet,4601
967,Baily,Britt,94451
968,Othelia,Woodburne,45951
969,Jaime,Thies,16614
970,Antone,Sprakes,91531
971,Faun,Westmarland,92566
972,Bernelle,Dunsmore,77389
973,Coleen,Eltun,65602
974,Uta,Maslin,49483
975,Mar,Patman,91891
976,Harriet,Lidbetter,23764
977,Jermayne,Horribine,14335
978,Humfrey,Pitchford,36737
979,Bridgette,Boldt,95370
980,Fredrick,Frichley,76395
981,Noellyn,Trewhitt,76287
982,Gratiana,Ciric,27992
983,Myrlene,Wasling,17562
984,Petronille,Hanner,50808
985,Joshua,Edie,899
986,Berne,Mattioli,87326
987,Bogart,Alflat,43881
988,Moss,Imlen,28518
989,Kaja,Grime,56771
990,Paton,Toxell,95065
991,Fernandina,Lattos,99790
992,Karlyn,Orford,35861
993,Roddy,Acome,77036
994,Marlee,Jarrelt,53466
995,Adrianna,Earry,76083
996,Elden,Sikora,8484
997,Townie,Davage,73807
998,Aurilia,Grzelak,8760
999,Maurice,Pittham,83813
1000,Cinda,Dingley,7097
